{"cameraMode":{"drawMode":0,"name":"Shaded","section":"Shading Mode"},"sceneLighting":true,"audioPlay":false,"sceneViewState":{"showFog":true,"showMaterialUpdate":false,"showSkybox":true,"showFlares":true,"showImageEffects":true,"showParticleSystems":true},"in2DMode":false,"pivot":{"x":-3.682553291320801,"y":2.5308990478515627,"z":-8.540618896484375},"rotation":{"x":-0.32007694244384768,"y":-0.00606781430542469,"z":0.002045918256044388,"w":-0.9473955631256104},"size":57.53322982788086,"orthographic":false}